{
"read_from": "local",
"write_to": "local",

"bucket_name": "", 
"itr": "2",
"directory_name": "results\\", 

"ext": "csv", 
"train_path": "D:\\xgb_module\\data_files\\train_85_transformed.csv", 
"val_path": "D:\\xgb_module\\data_files\\validation_15_transformed.csv", 
"test_path" : {
	"test" : "D:\\xgb_module\\data_files\\test_10_transformed.csv",
	"test1" : "D:\\xgb_module\\data_files\\test_10_transformed.csv",
	"test2" : "D:\\xgb_module\\data_files\\test_10_transformed.csv"
    },

"daywise_decile" : "yes",
"date_col" : "final_activation_date",

"target_col": "tgt_5d", 
"aggr_attr": "clientcode", 
"feature_list": ["tier_new", "gender_new", "income_new", "education_new", "profession_new", "marital_status_new", "isKRA", "SourceBucket", 
				 "app_install_bef", "age_new", "tot_clk_all", "fund_transfer_all", "place_order_all", "reports_all", "watchlist_all", 
				 "quote_all", "market_all", "login_all"], 
			
"hyperparameter_tuning": {
	"method": "random", 
	"params": {
		"n_estimators": [300, 500], 
		"max_depth": [4, 6, 9, 11], 
		"learning_rate": [0.001, 0.01], 
		"subsample": [0.6], 
		"colsample_bytree": [0.4, 0.6], 
		"colsample_bylevel": [0.5, 0.7], 
		"colsample_bynode": [0.5, 0.6, 0.7], 
		"reg_alpha": [0.01, 0.1], 
		"reg_lambda": [1, 3]
		}, 
		
	"StratifiedKFold_params": {
		"n_splits": 5, 
		"shuffle": true, 
		"random_state": 234
		}, 
		
	"bayesian_params": {
		"n_iter": 10, 
		"scoring": "recall", 
		"verbose": 3, 
		"random_state": 234
		}, 
		
	"random_params": {
		"n_iter": 3, 
		"scoring": "recall", 
		"verbose": 3, 
		"random_state": 234
		}, 
		
	"grid_params": {
		"scoring": "recall", 
		"verbose": 3
		}
	}, 
	
"xgb_params": {
	"objective": "binary:logistic", 
	"subsample": 0.7, 
	"colsample_bylevel": 0.5, 
	"colsample_bynode": 0.8, 
	"colsample_bytree": 0.7, 
	"learning_rate": 0.05, 
	"max_depth": 7, 
	"max_leaves": 0, 
	"min_child_weight": 1, 
	"n_estimators": 500, 
	"reg_alpha": 0.05, 
	"reg_lambda": 2, 
	"gamma": 0, 
	"scale_pos_weight": 1, 
	
	"use_label_encoder": false, 
	"base_score": 0.5, 
	"booster": "gbtree", 
	"callbacks": null, 
	"early_stopping_rounds": null, 
	"enable_categorical": false, 
	"eval_metric": null, 
	"gpu_id": -1, 
	"grow_policy": "depthwise", 
	"importance_type": null, 
	"interaction_constraints": "", 
	"max_bin": 256, 
	"max_cat_to_onehot": 4, 
	"max_delta_step": 0, 
	"monotone_constraints": "()", 
	"n_jobs": 0, 
	"num_parallel_tree": 1, 
	"predictor": "auto", 
	"random_state": 123, 
	"sampling_method": "uniform", 
	"tree_method": "exact", 
	"validate_parameters": 1, 
	"verbosity": null
	}
}